Time,ValueA,ValueB
0.0,0.3449101450132079,1.0430884746103366
0.050000000000000003,0.1933698615946033,1.265152242966754
0.10000000000000001,0.24879470285140604,1.1070562600379432
0.15000000000000002,0.14601599736580378,1.4012357001683116
0.20000000000000001,0.18588107412720212,1.4220868547903303
0.25,0.5993310686209595,0.9935182170157444
0.30000000000000004,0.4656158600945944,1.2914054065241278
0.35000000000000003,0.2942165017801871,1.217399430226375
0.40000000000000002,0.35166265401752783,0.9731204849147654
0.45000000000000001,0.6212854198460619,1.0317719504393668
0.5,0.6709745363953932,1.3225483402262743
0.55000000000000004,0.5412254687661303,1.0376665811741568
0.60000000000000009,0.6033974363194781,1.2112797456958806
0.65000000000000002,0.798155647004659,1.275520206322867
0.70000000000000007,0.822549401615161,0.9570241157187956
0.75,0.9423781844789103,0.9538205859189418
0.80000000000000004,0.5701634592665106,1.186981810110921
0.85000000000000009,0.7499479465326713,1.1673319706230363
0.90000000000000002,0.7231376231261112,1.3417224047840544
0.95000000000000007,0.7780042550704693,0.9691763624895138
1.0,0.6741438342074577,0.9134695433707563
1.05,0.97362621503183,1.1093644596926864
1.1000000000000001,0.991284431415022,0.994391416180927
1.1500000000000001,0.8713604190726005,1.0481183369624896
1.2000000000000002,1.1526514787611686,1.0153029223934338
1.25,0.8583966638477483,0.7830553152568058
1.3,1.0260999936525326,0.9198089642722189
1.3500000000000001,0.9980349971750957,1.1157171465534534
1.4000000000000001,1.2082334459347979,1.0684502514206806
1.4500000000000002,1.1083287732403662,0.6498637846343518
1.5,1.1317130713709485,0.9721638662914451
1.55,1.1342160414991853,0.8997013996024315
1.6000000000000001,1.0519831773655908,0.8905315765188131
1.6500000000000001,1.064144709532897,0.6254225896152743
1.7000000000000002,1.3111200678857102,0.6701249232486721
1.75,1.0116020709017655,0.7203785435445691
1.8,1.2261459669401984,0.4381859117352677
1.8500000000000001,1.1960731278995507,0.7799652987535357
1.9000000000000001,1.1057794532458403,0.5492848205165286
1.9500000000000002,1.0143009201989017,0.6977766380650032
2.0,1.158114620611975,0.7592600473980409
2.0500000000000003,1.3856153339725918,0.44223470729829156
2.1000000000000001,1.3752905313847572,0.5891441392199482
2.1499999999999999,1.1832241404091968,0.2899487778917321
2.2000000000000002,1.388407715334873,0.3095090173066496
2.25,0.9947937277022243,0.2017755053657039
2.3000000000000003,1.129105286053274,0.27672776102297636
2.3500000000000001,1.043843923555002,0.4204182026441303
2.4000000000000004,1.132505385417912,0.5092159068634101
2.4500000000000002,1.079377755923416,0.052604752643713275
2.5,1.456537873763141,0.20987904674637942
2.5500000000000003,1.4075691170110023,0.12146217991845844
2.6000000000000001,1.1030582229581405,0.10133408342056584
2.6500000000000004,1.4373503784291728,0.11499868324442497
2.7000000000000002,1.3589557711487996,0.3500463072235189
2.75,1.0867493751245594,0.23845828207577094
2.8000000000000003,1.1847082259977935,0.2815242667336366
2.8500000000000001,1.2511278152809502,-0.18763146501332517
2.9000000000000004,1.068252063586805,-0.06538698787456693
2.9500000000000002,1.0475956491063831,-0.14409475744232003
3.0,1.267126806150122,0.1177274738219734
3.0500000000000003,1.327558035070998,0.00806336764086829
3.1000000000000001,1.0239970087536943,0.05149008939908706
3.1500000000000004,1.0956317874142039,-0.2105689367381936
3.2000000000000002,1.3487381008331654,-0.06120210916994989
3.25,1.1688895117939473,-0.20816154846670204
3.3000000000000003,1.2116151983001842,-0.41734324971073156
3.3500000000000001,1.3059353704894177,-0.17310789357008632
3.4000000000000004,0.868440611488652,-0.3751276162008116
3.4500000000000002,0.9085856900332375,-0.4518442515737115
3.5,1.2284821281617688,-0.3294669197163903
3.5500000000000003,0.9632918877897083,-0.5142361476030783
3.6000000000000001,0.9280450490885659,-0.3415698786564256
3.6500000000000004,1.0575957835229852,-0.3908139947617004
3.7000000000000002,0.8608379366081605,-0.35435889971892554
3.75,1.1918988100862637,-0.5726579451076537
3.8000000000000003,0.8648428081743419,-0.668631546894086
3.8500000000000001,0.8471581404658823,-0.31502355860331166
3.9000000000000004,0.8359056504237354,-0.45722364401257837
3.9500000000000002,0.9553510903994609,-0.3140462219011196
4.0,0.7393614318990851,-0.5340695862182504
4.0499999999999998,0.8144308053528881,-0.517919371406345
4.1000000000000005,0.9584577446320552,-0.6946392910556192
4.1500000000000004,0.8290908786491461,-0.49526374243505805
4.2000000000000002,0.6114465435442644,-0.49566846397278325
4.25,0.7162605288960906,-0.4507076499060771
4.2999999999999998,0.9180878752614189,-0.5350760109665378
4.3500000000000005,0.8870277266023863,-0.5705793467782987
4.4000000000000004,0.4269417249884226,-0.5722941051966716
4.4500000000000002,0.3615000324400648,-0.8970759720335093
4.5,0.3330677315159438,-0.564209999212309
4.5499999999999998,0.3125932006250074,-0.535139095931285
4.6000000000000005,0.3833184122336537,-0.7387668143365704
4.6500000000000004,0.35419374377101864,-0.598807659018967
4.7000000000000002,0.35755814003990294,-0.9159613862486716
4.75,0.6278324943936234,-0.7741387774871454
4.8000000000000007,0.3755507192872968,-0.8223181095181948
4.8500000000000005,0.19614517863110367,-0.6666921817185674
4.9000000000000004,0.18773432565164466,-0.9936879050531253
4.9500000000000002,0.42619357060088325,-0.7913590774960555
5.0,0.03789353345776188,-0.9545070569706845
5.0500000000000007,0.15769463151921867,-0.654717927200833
5.1000000000000005,-0.03888266275690014,-0.7238979472456452
5.1500000000000004,0.24840243996503275,-0.9453187672283504
5.2000000000000002,-0.01912364435091271,-0.7644540370736816
5.25,-0.058274649521940225,-0.8401702933885313
5.3000000000000007,0.21284007621086365,-0.9084338555563805
5.3500000000000005,0.10058008646257893,-0.8438325444682682
5.4000000000000004,-0.09014316916280024,-0.7635698033823652
5.4500000000000002,-0.16367586617667013,-0.9370387582321296
5.5,0.15045860585214638,-0.5053748316699371
5.5500000000000007,-0.2094260539155175,-0.6833312132983471
5.6000000000000005,0.11577031361117318,-0.8431105244189262
5.6500000000000004,-0.11726171139976699,-0.6013212630176513
5.7000000000000002,-0.23700956462999667,-0.6954956597077762
5.75,-0.04521428385785631,-0.7187059344112043
5.8000000000000007,-0.47542363577830554,-0.7283958281716858
5.8500000000000005,-0.20534976795101473,-0.5497521969120296
5.9000000000000004,-0.39831047569639805,-0.44649481622377596
5.9500000000000002,-0.1561930885395969,-0.8185500045709422
6.0,-0.5105692045460037,-0.7724449405963074
6.0500000000000007,-0.4153471905620038,-0.7581654400492759
6.1000000000000005,-0.5961680055987695,-0.502339015577607
6.1500000000000004,-0.3965223784015211,-0.38414517882474475
6.2000000000000002,-0.41961991788389724,-0.441502659292713
6.25,-0.39015717850352283,-0.6903840562535952
6.3000000000000007,-0.30763404286450013,-0.6762161166259049
6.3500000000000005,-0.6401281626978208,-0.4852808631345912
6.4000000000000004,-0.38247940874441866,-0.21024555065564615
6.4500000000000002,-0.6053372849054665,-0.12685658073384964
6.5,-0.5462800736530977,-0.16072874157077172
6.5500000000000007,-0.7254842222414504,-0.13408853072323185
6.6000000000000005,-0.5972717852222207,-0.178784892434103
6.6500000000000004,-0.725537251482623,-0.3369905217445123
6.7000000000000002,-0.40883061197420834,-0.0498162694584568
6.75,-0.6407572852488326,0.030687376136079914
6.8000000000000007,-0.7047196553007836,-0.23156744638669075
6.8500000000000005,-0.8989459732133618,-0.2652955732612095
6.9000000000000004,-0.7093048591165003,0.04493602625105547
6.9500000000000002,-0.8445587160473133,-0.317053741430525
7.0,-0.8878766266106002,0.04471257533169737
7.0500000000000007,-0.6662850698511489,0.10448994084603697
7.1000000000000005,-0.6073998040343711,0.08146376887314735
7.1500000000000004,-0.927170578550695,0.2710400882523196
7.2000000000000002,-0.7277698250225406,0.029765789945628812
7.25,-0.8956898159913192,-0.03155489208158749
7.3000000000000007,-0.4993162810846519,0.0571919383539137
7.3500000000000005,-0.7588104759505911,0.1412206040279165
7.4000000000000004,-0.7367569220429704,0.3952279962854318
7.4500000000000002,-0.8119909219992367,0.24019349979660254
7.5,-0.704091269652581,0.05443692862751025
7.5500000000000007,-0.6602323594611492,0.1683338762978893
7.6000000000000005,-0.5697855889284368,0.4650573498680538
7.6500000000000004,-0.9856195185277701,0.4411074587985403
7.7000000000000002,-0.9233137260348337,0.5622710115968972
7.75,-0.7346028980158401,0.31412065119762195
7.8000000000000007,-0.8646397054652508,0.19851094876840217
7.8500000000000005,-0.8325416787683574,0.24059046866197503
7.9000000000000004,-0.7042139893002314,0.40165450783008905
7.9500000000000002,-0.8658749440238552,0.4722992374235629
8.0,-0.9066636996369001,0.7593550909555666
8.0500000000000007,-0.5097090031763871,0.6586055973810908
8.0999999999999996,-0.6342476069142332,0.639044722951041
8.1500000000000004,-0.5793402373954224,0.7621842346412334
8.2000000000000011,-0.4269122419592174,0.5017971945152286
8.25,-0.5260321495525444,0.8308711163420449
8.3000000000000007,-0.7865895424920208,0.7759699900203467
8.3499999999999996,-0.8514865057785556,0.5995788712966508
8.4000000000000004,-0.4730870057414282,0.9803782580899192
8.4500000000000011,-0.3419062524393362,1.0427445372063497
8.5,-0.4318108614575531,0.7267380164227678
8.5500000000000007,-0.5408926118633279,1.0995132888202737
8.5999999999999996,-0.6414627533214816,0.8979523736626106
8.6500000000000004,-0.26100158374482696,0.867003954504174
8.7000000000000011,-0.5443325762100788,0.8011975649869876
8.75,-0.3603939493582287,0.8947964942918151
8.8000000000000007,-0.4563327913516116,0.9840014213626289
8.8499999999999996,-0.43562456695757057,0.7534860075546533
8.9000000000000004,-0.3098103769362411,0.9138965259426597
8.9500000000000011,-0.12454184223724918,0.8305630944396554
9.0,-0.5023596945730094,1.1625261767135289
9.0500000000000007,-0.06360489546445336,1.1221587824292192
9.0999999999999996,-0.08389135821737254,1.3110927490573394
9.1500000000000004,-0.044076622449555014,1.0009164276104996
9.2000000000000011,-0.24404145904707203,1.2728049420394563
9.25,-0.3377271382732667,1.2297240038244184
9.3000000000000007,-0.21360462473375885,1.303100074980229
9.3499999999999996,0.0732665444526201,1.054676402428562
9.4000000000000004,-0.0072922965456472255,1.3052211190800749
9.4500000000000011,-0.14856304732498032,1.0650520797584142
9.5,-0.0019402133970473079,1.007762965738161
9.5500000000000007,-0.08274565883094903,1.330909618306804
9.6000000000000014,-0.19843867851456531,1.466849134411092
9.6500000000000004,0.10638070117536316,1.4529711656548656
9.7000000000000011,-0.07888499231826307,1.452932043091923
9.75,-0.10290594391286631,1.050964088199856
9.8000000000000007,0.13064062287703024,1.373379877776109
9.8500000000000014,0.2755307183409698,1.249448525069261
9.9000000000000004,-0.052524707248472094,1.2782385194372212
9.9500000000000011,0.370660665089569,1.4910680726656675
10.0,0.28079797297542824,1.1884734644165138
10.050000000000001,0.5154276410956685,1.2259799434496486
10.100000000000001,0.1848588451754357,1.2244641177057753
10.15,0.37976416966157983,1.2572035939822865
10.200000000000001,0.29201305838807723,1.237023960035671
10.25,0.5538781222097479,1.444053618902786
10.300000000000001,0.24830535131097117,1.075701563857248
10.350000000000001,0.4387879635844567,1.0962185333702172
10.4,0.40324301867351675,1.2940274177117579
10.450000000000001,0.4225397352960627,1.2037781060814998
10.5,0.5467716458021419,1.0511670044885733
10.550000000000001,0.6615640483854971,1.2416123718164116
10.600000000000001,0.8421534755049647,1.1377043942797171
10.65,0.6070135024844646,1.012863835384393
10.700000000000001,0.43805359561632035,1.2032449461023484
10.75,0.6995185636893155,1.1980889647082815
10.800000000000001,0.770396460788229,1.1891699197259882
10.850000000000001,0.5699912746081981,0.9815001218411523
10.9,0.9083279891580777,1.1918787600793617
10.950000000000001,0.9564419105131168,1.2735596882603186
11.0,0.7922942137175185,1.3041579282721165
11.050000000000001,1.1020692026422356,0.9263369812606259
11.100000000000001,0.6905908236281224,0.9041048041700699
11.15,0.9871814494288536,1.1967422831981318
11.200000000000001,0.7258211427863672,0.8586390018403837
11.25,1.1169764988924096,0.7437619194184448
11.300000000000001,0.8409256346570595,1.0718567855877474
11.350000000000001,1.1785091840882393,0.6865267499094305
11.4,1.10699876112628,1.009051358099228
11.450000000000001,1.0023742471621782,1.1006112380278448
11.5,0.9510741584333412,0.6638280879363944
11.550000000000001,1.1331722109067586,0.8313400764341179
11.600000000000001,1.1085364738871666,0.8945770565484484
11.65,1.1307857798700085,0.7154959889736555
11.700000000000001,0.9074901505470934,0.8760898135133461
11.75,1.1908193109746024,0.735081158027923
11.800000000000001,1.2647303858180023,0.6400099512992354
11.850000000000001,1.0503671927952611,0.671619150722678
11.9,1.3377600949257122,0.8633049915170317
11.950000000000001,1.2581602423583462,0.4222279436256428
12.0,1.1840518175666648,0.389089090389489
12.050000000000001,1.1971419160479526,0.5056322517405109
12.100000000000001,1.3899543676849542,0.6162041991145808
12.15,1.194396254282085,0.6119322689301449
12.200000000000001,1.3573869669402179,0.22973220230404767
12.25,1.095430800947485,0.3240604383182543
12.300000000000001,1.1229780888009973,0.15434596827114686
12.350000000000001,1.119370305146399,0.3356709882422442
12.4,1.3288363780512669,0.22102385917195383
12.450000000000001,1.4750332735499398,0.28854303629298217
12.5,1.1623227040785111,0.2598539029533852
12.550000000000001,1.2724434583714825,0.4487339952699336
12.600000000000001,1.4522963604188106,0.2577784895367835
12.65,1.335276100946027,0.11363022344293906
12.700000000000001,1.4553029922241572,0.29383648564442155
12.75,1.2373811080284693,0.19174328701512347
12.800000000000001,1.1833733233323716,0.2812536414087863
12.850000000000001,1.1050555769958341,-0.20321310822296934
12.9,1.2130759509625655,-0.24624346693838925
12.950000000000001,1.3348085948769253,0.14870480208312958
13.0,1.0907584011865663,-0.2845200662115714
13.050000000000001,1.0687691078994674,0.14496561194027452
13.100000000000001,1.2806048853097791,-0.24336895407412917
13.15,1.1847952877223267,0.018803151413931962
13.200000000000001,1.1468350497286945,-0.2846959245561347
13.25,0.980110721059403,0.035083624768245836
13.300000000000001,1.3708682856186496,-0.09828964217343755
13.350000000000001,1.0597742243757273,-0.4960126648630037
13.4,1.2668941207589206,-0.41148930960921243
13.450000000000001,0.8301910293281587,-0.0662436851118065
13.5,0.9212386817504562,-0.3462150910902768
13.550000000000001,1.2232471421385676,-0.4316761702631419
13.600000000000001,0.7877833437436905,-0.43897474728165725
13.65,1.1684876416131684,-0.2067142872918396
13.700000000000001,1.0499061135622296,-0.5600912890579912
13.75,0.7743250211803212,-0.34589048828309765
13.800000000000001,1.0885206143385189,-0.470693215989936
13.850000000000001,1.1214728819379678,-0.4325428808353389
13.9,0.8529199728560741,-0.3772408806646095
13.950000000000001,0.7864716147799475,-0.49023765880011194
14.0,0.8820481453533746,-0.37533929555512374
14.050000000000001,0.6465785204437291,-0.5611024072878673
14.100000000000001,0.9313266336914927,-0.6256893176426945
14.15,0.5981910054262328,-0.6292000844211444
14.200000000000001,0.9384670962882076,-0.40638495653833057
14.25,0.7019511463803153,-0.48934074913548914
14.300000000000001,0.7729511785753015,-0.5278847891666095
14.350000000000001,0.5439409536010713,-0.5974223530325511
14.4,0.37780589585750024,-0.43401615932714677
14.450000000000001,0.34919975432206496,-0.7613475702666511
14.5,0.7389593236206565,-0.8527423716439979
14.550000000000001,0.3989009066041183,-0.590028718521014
14.600000000000001,0.48330338455481503,-0.8151205283378968
14.65,0.649563212018873,-0.7710713485026048
14.700000000000001,0.5632090056967873,-0.6029029954127916
14.75,0.6423415712012779,-0.8748942961834891
14.800000000000001,0.202506023653069,-0.8052225625494855
14.850000000000001,0.39116180564642794,-0.6620026209323333
14.9,0.5496496056559842,-0.5215826180620936
14.950000000000001,0.22035578652268353,-0.9193618447142313
15.0,0.08794654266167376,-0.7357797478465249
15.050000000000001,0.22617497977718926,-0.5708798031258062
15.100000000000001,0.40666891074096434,-0.504131774627468
15.15,0.11212303715526385,-0.6989761909957221
15.200000000000001,0.15661556933094395,-0.6739040540469463
15.25,0.25801628673330324,-0.8546708688849542
15.300000000000001,0.22156051861019424,-0.9757885118552236
15.350000000000001,-0.0910480014407403,-0.6394545920479594
15.4,-0.04100016424631828,-0.8865678971688891
15.450000000000001,-0.25194721042049667,-0.5482433747871767
15.5,0.10531875155749215,-0.6378927337146181
15.550000000000001,-0.19916679568765278,-0.7372555107750225
15.600000000000001,-0.16848007401971687,-0.4966149749012255
15.65,-0.16777953996095113,-0.6828498747072296
15.700000000000001,0.04297714974799233,-0.47894156502275903
15.75,-0.29265645522200173,-0.6935295607308212
15.800000000000001,-0.2540809490359118,-0.7972674043962404
15.850000000000001,-0.024434798027185844,-0.5857035668396902
15.9,-0.2354021134165496,-0.5451755487528569
15.950000000000001,-0.3865423203964145,-0.34641036601788366
16.0,-0.584152976072871,-0.5040431014332739
16.050000000000001,-0.4210373894781261,-0.6614196034491193
16.100000000000001,-0.5254835717384747,-0.6728115716637233
16.150000000000002,-0.2569903883924393,-0.6062761678890556
16.199999999999999,-0.6109364920035725,-0.3532917539723972
16.25,-0.6000550784895708,-0.6742565752531346
16.300000000000001,-0.6071926879621821,-0.40324352206655234
16.350000000000001,-0.40665248629085476,-0.3081505969450355
16.400000000000002,-0.4036613622375764,-0.3803996214632835
16.449999999999999,-0.2916242686579038,-0.5061819702643706
16.5,-0.4561363572985273,-0.4928121417097032
16.550000000000001,-0.6839687302278179,-0.5125247386795777
16.600000000000001,-0.6954234271590339,-0.38118526583930545
16.650000000000002,-0.6721957496923916,-0.026737899508024354
16.699999999999999,-0.510897143596574,-0.05658084906946231
16.75,-0.8608923425045334,-0.3467233541530615
16.800000000000001,-0.4961348870697453,-0.06404073749927885
16.850000000000001,-0.6874605642913503,-0.24569380079063835
16.900000000000002,-0.6219786213203169,0.022294700502106135
16.949999999999999,-0.8521854396860833,-0.23390106226423762
17.0,-0.85288594155865,-0.2986318484711024
17.050000000000001,-0.728732034169304,0.15604677421495938
17.100000000000001,-0.6019348658181183,-0.12016854596225804
17.150000000000002,-0.7779578697709237,0.15835631897335914
17.199999999999999,-0.48428448256194084,0.04291727265725381
17.25,-0.6780698965602772,0.01895530169257159
17.300000000000001,-0.5834358956083069,-0.08124613993345828
17.350000000000001,-0.9203839867748923,0.15847485461824679
17.400000000000002,-0.5313149390723801,0.1372905759274527
17.449999999999999,-0.8078534386743117,0.027802450221639657
17.5,-0.5584047243010167,0.04135305203127622
17.550000000000001,-0.6475946991696226,0.2626678782109428
17.600000000000001,-0.5022832243361287,0.555268317839104
17.650000000000002,-0.8774986815524015,0.46807957520954685
17.699999999999999,-0.9617962783182354,0.4785518201106488
17.75,-0.6377301087842846,0.6283998095031601
17.800000000000001,-0.8921560705439932,0.5084883033684804
17.850000000000001,-0.8868787382762744,0.30367843160002583
17.900000000000002,-0.6182157419659555,0.482427569433993
17.949999999999999,-0.8280006070534083,0.5207976673204534
18.0,-0.6039672728414971,0.5962883746096146
18.050000000000001,-0.5420577360428473,0.7488523523336322
18.100000000000001,-0.7569392609713332,0.3768676845112325
18.150000000000002,-0.7477138513676932,0.6985311402373651
18.199999999999999,-0.8080089259552528,0.9073513254024771
18.25,-0.6258169531417132,0.8173801058869321
18.300000000000001,-0.4330882951488624,0.7224039576048384
18.350000000000001,-0.6338976133897657,0.9206102835069498
18.400000000000002,-0.38672644313584115,0.8240064573561916
18.449999999999999,-0.6500898895513043,0.6266963659412592
18.5,-0.45215441260744965,0.7086148271474453
18.550000000000001,-0.6821723288355128,0.9619916793854091
18.600000000000001,-0.28608884937265444,0.920504960039732
18.650000000000002,-0.2997735115867653,0.8223226881076875
18.699999999999999,-0.698003620030549,1.1185603197946972
18.75,-0.5756449263872043,0.8871110514921603
18.800000000000001,-0.21524203390220736,0.928536319885874
18.850000000000001,-0.5997341802767818,1.113262996960249
18.900000000000002,-0.3054806990534705,0.885122985318284
18.949999999999999,-0.34652543212595077,1.0893608728723807
19.0,-0.5277814482759007,1.2346830038094998
19.050000000000001,-0.11364289336796801,1.234707761805172
19.100000000000001,-0.17597332261317755,1.1373672407572162
19.150000000000002,-0.3959242500864797,1.195684489392876
19.200000000000003,-0.08862860278766654,1.1056939226823799
19.25,-0.026623802656379647,1.3562837865177584
19.300000000000001,-0.15827713283506922,0.9996671050503803
19.350000000000001,0.04791399665102741,1.2538623073014323
19.400000000000002,-0.25263794633240505,1.1621443543683734
19.450000000000003,0.09677761417110858,1.4210978182126874
19.5,0.17598138247403733,1.0803708122539308
19.550000000000001,0.06313187367829132,1.3918036906453373
19.600000000000001,0.17317484792977947,1.4634030486483174
19.650000000000002,0.1503880064978892,1.0582005828320271
19.700000000000003,-0.011204371821355141,1.402878374422877
19.75,-0.03121713571547477,1.2054784847120217
19.800000000000001,0.07664356003974457,1.0891878511946371
19.850000000000001,0.3975762127832614,1.4346843708842805
19.900000000000002,0.36797149244432725,1.4616002651708262
19.950000000000003,0.11290225477082086,1.121937205245826
20.0,0.12444742929242449,1.0842547219799419
20.050000000000001,0.5001068877352917,1.402764990855927
20.100000000000001,0.44481009839959645,1.368720820353977
20.150000000000002,0.26838848718436414,1.0338052807896234
20.200000000000003,0.40496815502306027,1.2309563157856338
20.25,0.4833988963659752,1.0612484161870057
20.300000000000001,0.35158285545158163,1.3897562117909084
20.350000000000001,0.5337688668209981,1.328289535597124
20.400000000000002,0.5233365919815747,1.1506349595847638
20.450000000000003,0.7562069727996759,1.4035981623970841
20.5,0.3101448120741218,1.3971403514138783
20.550000000000001,0.5959486362286537,1.1960234960234468
20.600000000000001,0.6102494957752426,1.1211598354658174
20.650000000000002,0.5971463116369709,1.2446505095692582
20.700000000000003,0.8983672373836402,1.1043663092815679
20.75,0.7432484074032433,1.3378256432601099
20.800000000000001,0.6640796017160242,1.2845055351579067
20.850000000000001,0.6577101513499257,1.2839980124912482
20.900000000000002,0.9264240591494053,1.3037079199356962
20.950000000000003,0.6486756988146972,1.234234910373137
21.0,0.7263701316121474,0.84744965173761
21.050000000000001,0.6672821180431692,1.1490879427869076
21.100000000000001,1.025278364420667,1.1587164858319503
21.150000000000002,0.8060576513151188,1.169518105454755
21.200000000000003,0.7651562710919002,0.9899440750804
21.25,0.8622553056694466,0.7851803601622018
21.300000000000001,1.1061355301810987,1.1590315193652958
21.350000000000001,1.1961329890371812,0.7071193132857114
21.400000000000002,1.0915553681179144,0.691108416066474
21.450000000000003,1.1843620112309425,0.8687962161215601
21.5,1.0289776827876422,0.974230587189077
21.550000000000001,0.8840840927830639,0.6285611638142928
21.600000000000001,1.3379330608964315,1.022037379487584
21.650000000000002,1.1966071742226299,0.7144500441991936
21.700000000000003,1.2853762759366218,0.6389319037807648
21.75,1.2813629835112543,0.7601394516034454
21.800000000000001,0.9290937874130978,0.5395049078833671
21.850000000000001,1.3924940635751106,0.5908767134410682
21.900000000000002,1.253417356783108,0.3730509087992719
21.950000000000003,1.4096519087422181,0.7725614685479716
22.0,1.2013700485940786,0.6279373349575661
22.050000000000001,1.2738926661641874,0.5048380032317829
22.100000000000001,1.186223891253082,0.6053729286811887
22.150000000000002,1.0992336792680544,0.37601180939482093
22.200000000000003,1.3279559252396316,0.6544507854781068
22.25,1.3004992654952334,0.22071684516419873
22.300000000000001,1.3038846461621687,0.29173483108905107
22.350000000000001,1.4796469499998937,0.5751574407468261
22.400000000000002,1.4292054024511247,0.18105110753467435
22.450000000000003,1.4428924901486606,0.34555057055675886
22.5,1.4288252703809845,0.2703248724942533
22.550000000000001,1.3513225339216373,0.34196012150884386
22.600000000000001,1.0649860096214758,0.42428584116621976
22.650000000000002,1.4577079388836311,0.06475189102645595
22.700000000000003,1.1142260065742642,0.26124091237435837
22.75,1.225231366261574,0.24428974090244185
22.800000000000001,1.012591464884315,-0.09790256861918609
22.850000000000001,1.3706833945340744,0.11769827236358385
22.900000000000002,1.1014454430070755,-0.010807443276187961
22.950000000000003,1.3779136885490226,-0.19854831352420976
23.0,1.3335270009932083,-0.07962726104879819
23.050000000000001,1.0106321163184249,0.060238026997769645
23.100000000000001,0.9665668308516,-0.16259160838510966
23.150000000000002,1.3873680624570066,-0.053273642990839476
23.200000000000003,1.3376930338379487,-0.06805036373605655
23.25,1.0664278106912983,-0.33421996522603004
23.300000000000001,1.227997368554156,-0.04355468374053406
23.350000000000001,1.3126054853022457,-0.29034259747181945
23.400000000000002,0.9719133777661741,-0.06167607626956284
23.450000000000003,0.956640704248078,-0.4027709741848848
23.5,1.0296000632480486,-0.4069890316126048
23.550000000000001,1.0295156441299433,-0.40026200072207313
23.600000000000001,1.0436391478978775,-0.4617273706356727
23.650000000000002,1.0580852931169962,-0.5448113198256261
23.700000000000003,1.1176983456233045,-0.6125273028199856
23.75,1.0452034018742955,-0.37993662322214816
23.800000000000001,1.1255378394511637,-0.6811828857307048
23.850000000000001,0.9802902147153143,-0.477525069673075
23.900000000000002,0.9661761722981814,-0.5646054891032466
23.950000000000003,0.7178694584922751,-0.4073865762042903
24.0,0.6303792344187643,-0.7293529421216269
24.050000000000001,0.8668222619571919,-0.333679863261348
24.100000000000001,0.8467020223633108,-0.5742629684854563
24.150000000000002,0.7436038273987402,-0.4518930789598735
24.200000000000003,0.7422625646900318,-0.876253041568845
24.25,0.49139179610402106,-0.3983554537311147
24.300000000000001,0.6708078335723013,-0.7078601121856227
24.350000000000001,0.5641222180712079,-0.6589479325820384
24.400000000000002,0.4818672313371449,-0.5814765782872362
24.450000000000003,0.6467145767182584,-0.6643461076112938
24.5,0.44241927501511236,-0.8207323187818569
24.550000000000001,0.2866299498966678,-0.8693797623842177
24.600000000000001,0.4089868127529951,-0.9259983270241734
24.650000000000002,0.36097408103809847,-0.8125425034846653
24.700000000000003,0.26318783586499833,-0.6228029669301475
24.75,0.597285888468041,-0.5653146216387799
24.800000000000001,0.5121817138176834,-0.6274999795914531
24.850000000000001,0.24706518336568553,-0.6879755785227035
24.900000000000002,0.3226120036527517,-0.63923858538672
24.950000000000003,0.21460100027774237,-0.5979981958436886
25.0,0.29063057848252033,-0.7932072593216126
25.050000000000001,0.07428162880131507,-0.6680564033321648
25.100000000000001,0.09674666724859483,-0.6767940401132966
25.150000000000002,0.044495688072684336,-0.5047616545733701
25.200000000000003,0.14921939121027997,-0.6070199109710281
25.25,0.2704459263284936,-0.549592541894104
25.300000000000001,-0.12443453271713942,-0.6078632956804706
25.350000000000001,0.06893994701715078,-0.9054182373080273
25.400000000000002,0.07182350343915733,-0.7886759140677064
25.450000000000003,-0.010358249373710993,-0.8424687255286513
25.5,0.018102169108790866,-0.6883032617965933
25.550000000000001,0.09638724689944,-0.7752059090675207
25.600000000000001,-0.3616884318122537,-0.46669926815775364
25.650000000000002,-0.3574369035030899,-0.47910671411648115
25.700000000000003,-0.3538142965716401,-0.822348031139601
25.75,-0.32590446927872263,-0.4480405888066272
25.800000000000001,-0.2974440180483257,-0.4581304128423081
25.850000000000001,-0.4839498924742988,-0.8066328811194398
25.900000000000002,-0.44992997565521814,-0.41344965091309827
25.950000000000003,-0.3193965215016915,-0.5661716629414267
26.0,-0.44322810654125705,-0.5554798354118228
26.050000000000001,-0.40509277819597067,-0.39396111538189815
26.100000000000001,-0.4453560323593113,-0.7671657001631647
26.150000000000002,-0.36800069202886215,-0.4584153294866772
26.200000000000003,-0.28367234980096095,-0.6311869968768298
26.25,-0.23695701056573143,-0.5696998976017378
26.300000000000001,-0.2563134151443389,-0.5008396544699245
26.350000000000001,-0.4210422577059588,-0.392726466281699
26.400000000000002,-0.30871622801392284,-0.624048557421998
26.450000000000003,-0.6695480984044389,-0.21732233896252506
26.5,-0.6212562522941978,-0.42000881280663477
26.550000000000001,-0.3384149145287408,-0.535646707753979
26.600000000000001,-0.5656248523210224,-0.18837908480384746
26.650000000000002,-0.7238562853633781,-0.09379025446082057
26.700000000000003,-0.6510375370571401,-0.08749792144056684
26.75,-0.6237392066530891,-0.1266040433089628
26.800000000000001,-0.406744831299074,-0.1579477244600921
26.850000000000001,-0.5981701936949428,-0.3221144961547059
26.900000000000002,-0.4495891084487388,0.10333351714661387
26.950000000000003,-0.4636539928475044,-0.06594125381009341
27.0,-0.741911314396317,0.15066415463861255
27.050000000000001,-0.7618266505424018,-0.21408902249757544
27.100000000000001,-0.49104411141932347,0.07987415656853716
27.150000000000002,-0.48607289207815596,-0.0927074586753808
27.200000000000003,-0.7079444695150549,0.05911234239840929
27.25,-0.5819583868236914,0.2591194629853649
27.300000000000001,-0.7847402732551668,-0.12268761926051394
27.350000000000001,-0.8519144873359645,-0.022215786035753166
27.400000000000002,-0.8042233731528368,0.4274816033182905
27.450000000000003,-0.6883396066704248,0.28166671705339713
27.5,-0.9731993090653867,0.465006203290524
27.550000000000001,-0.650943053345249,0.33282378548784736
27.600000000000001,-0.8431716216289362,0.3658274247075204
27.650000000000002,-0.797553439971431,0.24149765396900014
27.700000000000003,-0.9568444053705599,0.45477047500461343
27.75,-0.6166458115261269,0.6405411616011045
27.800000000000001,-0.5813591491855865,0.5096242433339306
27.850000000000001,-0.6473031393539956,0.23570910835427608
27.900000000000002,-0.915527696732165,0.3245305758417737
27.950000000000003,-0.7505711328184737,0.6176874712671094
28.0,-0.517772790415953,0.505060941547215
28.050000000000001,-0.8720359745459048,0.3652381706353813
28.100000000000001,-0.5057376457886247,0.4362472279416683
28.150000000000002,-0.6395256720452032,0.4351394934887071
28.200000000000003,-0.6724511634508277,0.9227118512647792
28.25,-0.6614921290120939,0.48060362531000506
28.300000000000001,-0.5023997916188233,0.6101448693463942
28.350000000000001,-0.8285305337665128,0.6522577621379971
28.400000000000002,-0.7431942275991988,0.7810685783566376
28.450000000000003,-0.3638587660515934,0.9663213637478474
28.5,-0.6979273076378086,0.7617952651779425
28.550000000000001,-0.4580903329113196,0.9358151615185355
28.600000000000001,-0.6377751505486022,0.960477030361696
28.650000000000002,-0.6138886020387003,1.1583397689501094
28.700000000000003,-0.5614622808905044,0.9737584802131426
28.75,-0.33802431149824297,0.9440552366928199
28.800000000000001,-0.6811010714655259,0.7883882834308773
28.850000000000001,-0.28559350730788,0.832352492159675
28.900000000000002,-0.31411917548018614,0.9148924857691936
28.950000000000003,-0.39902425925227347,0.9319572659787383
29.0,-0.18105037024612985,1.1722153184672195
29.050000000000001,-0.5353021963928808,1.2946986189312297
29.100000000000001,-0.3483397860273443,1.3204814479102467
29.150000000000002,-0.43373129619816775,1.1320642900569649
29.200000000000003,-0.4085097515486043,1.361283837522842
29.25,-0.1244906445819014,1.0163120731693143
29.300000000000001,-0.2717847972152504,0.9597135904245249
29.350000000000001,-0.16246734789428052,1.1177753729508673
29.400000000000002,-0.11995534473927821,0.972715406555651
29.450000000000003,-0.31078418517832296,1.2063081827410207
29.5,0.17677397647745474,1.1833153779727166
29.550000000000001,-0.006652481695084311,1.0663974773838216
29.600000000000001,-0.06551270800654649,1.2862959756962127
29.650000000000002,0.0869004581979286,1.2037320806523064
29.700000000000003,0.038655237607588516,1.0800009125423558
29.75,0.271380792067925,1.0019089554375866
29.800000000000001,0.16863243620438662,1.3182402343494382
29.850000000000001,0.29878319589945146,1.3020698754910365
29.900000000000002,0.17304800707858248,1.1410840761073264
29.950000000000003,0.22408423812786749,1.3937155303018367
30.0,0.22974617677086157,1.2364098750394272
30.050000000000001,0.3565142226748592,1.4178831323019625
30.100000000000001,0.08301662856203959,1.3307249827317476
30.150000000000002,0.48825137299745636,1.2549056652203472
30.200000000000003,0.4052157674919642,1.451935114687672
30.25,0.3921705166603921,1.4201723458458695
30.300000000000001,0.588467839655301,1.3179075730595917
30.350000000000001,0.4309594668164621,1.303140587865316
30.400000000000002,0.4461225426203373,1.0416600022693077
30.450000000000003,0.3358329140979399,1.1017517953251852
30.5,0.46205740781080223,1.1634999981276408
30.550000000000001,0.7571022456418299,1.1227202101517544
30.600000000000001,0.8502904600552615,1.360262317390167
30.650000000000002,0.4293851700698656,1.378812778440721
30.700000000000003,0.5372374131722091,1.3977672111180637
30.75,0.8785259812826738,0.9283068341953227
30.800000000000001,0.5412816703161978,1.2389842458954212
30.850000000000001,0.5454265858608603,0.865734230670548
30.900000000000002,0.9047753815754934,0.9066693250353497
30.950000000000003,0.6804253516580828,0.8312024469822041
31.0,0.8673955209921557,0.8558597689935906
31.050000000000001,1.0256770030367586,1.0984924071706095
31.100000000000001,0.7456052172432446,1.0863933203264033
31.150000000000002,1.0875514635868435,1.0654044778277934
31.200000000000003,0.9468132798974556,1.22684843899148
31.25,0.8857697430695353,1.0067142011064563
31.300000000000001,1.1771206512975771,1.0087840172006244
31.350000000000001,1.1647497152356936,1.1320100297968447
31.400000000000002,1.0753620165807836,0.6725990101322288
31.450000000000003,0.8602077444838679,0.6914421621851685
31.5,1.1747988861173457,0.7703473964941888
31.550000000000001,0.829016423504783,0.6754611815389717
31.600000000000001,0.9207696592307644,0.5428929839683974
31.650000000000002,0.978143711023588,0.6290173810024695
31.700000000000003,1.2798998691106447,0.8146939623155587
31.75,1.0253879654880482,0.8506044619707298
31.800000000000001,1.0656678403968167,0.46180615001516967
31.850000000000001,1.284679082033998,0.5093013786772351
31.900000000000002,1.2261564299700667,0.4433793914558853
31.950000000000003,1.1363368734876789,0.6125031197014019
32.0,1.0096860800690028,0.6352090882859519
32.050000000000004,1.1267411004198642,0.531689775748966
32.100000000000001,1.1668858058248683,0.3873110320574471
32.149999999999999,1.130125646461098,0.451417497930194
32.200000000000003,1.060786112949518,0.40431249549655346
32.25,1.067958368835132,0.3640527894941841
32.300000000000004,1.222439976337439,0.36334641031794324
32.350000000000001,1.1704481126382573,0.3499576313311338
32.399999999999999,1.268371436473727,0.16687782214234087
32.450000000000003,1.4391746745917389,0.49773141381539565
32.5,1.1212599390109994,0.36523235654739644
32.550000000000004,1.3788626535785187,0.07125972915560455
32.600000000000001,1.1500318252307533,0.38260549519411646
32.649999999999999,1.0226065086024185,0.08957994396272606
32.700000000000003,1.175757577364389,0.1716507177309477
32.75,1.1422098615491734,0.0771121093268479
32.800000000000004,1.3353064369370395,0.043259204655895944
32.850000000000001,1.2649124020539948,-0.12699018988261196
32.899999999999999,1.3887579727642372,-0.057722880223491146
32.950000000000003,1.0761953807702183,-0.016172674842497348
33.0,1.165769133734529,-0.25795549589744327
33.050000000000004,0.9460115802757798,0.036767477654164826
33.100000000000001,1.3079257772841153,0.0029560698826673892
33.149999999999999,1.0304040679610158,0.10241070905497496
33.200000000000003,1.3378702442094101,-0.31115617690515157
33.25,0.9999713541359937,-0.3678691817459865
33.300000000000004,1.119424642529244,-0.35250605766151943
33.350000000000001,1.1592172914977283,-0.39528173089980456
33.399999999999999,1.2978578675990051,-0.29616541820998443
33.450000000000003,0.9700387558396342,-0.4968582601238295
33.5,0.9963759557679126,-0.3037834493884304
33.550000000000004,0.9165509387523694,-0.36592099497469377
33.600000000000001,1.0096549868157265,-0.5834183052053832
33.649999999999999,1.2203070590662488,-0.6211354931818167
33.700000000000003,1.0143705497130844,-0.6322992791838478
33.75,0.7182816896068891,-0.4264885605439898
33.800000000000004,0.9971720290389777,-0.5766636650870534
33.850000000000001,1.0317980674799334,-0.37373171275801
33.899999999999999,1.0870033331467157,-0.6165794866696763
33.950000000000003,0.6746942886818506,-0.510571506975459
34.0,0.8654310791667905,-0.5991053552903731
34.050000000000004,0.902368052446157,-0.42032173477931434
34.100000000000001,0.5988813046383558,-0.43804973362387456
34.149999999999999,0.5617228876584601,-0.410973095836557
34.200000000000003,0.9064072166088852,-0.738084239829887
34.25,0.77810630703191,-0.5283939085812845
34.300000000000004,0.8396244480929935,-0.5040860072745423
34.350000000000001,0.8485933076264612,-0.8697951120802678
34.399999999999999,0.6702006156768201,-0.5437048931095918
34.450000000000003,0.37678161113702835,-0.7732254914654408
34.5,0.7034571070177406,-0.6677636033844099
34.550000000000004,0.542608359055049,-0.4668076244265078
34.600000000000001,0.7333422556076242,-0.4706626014978233
34.649999999999999,0.35669677950663403,-0.8762977884151385
34.700000000000003,0.651916026323187,-0.7839606966101024
34.75,0.44344555616859516,-0.7811213602517022
34.800000000000004,0.5603628685740767,-0.5641870381803151
34.850000000000001,0.17846624498130037,-0.6302889231448987
34.899999999999999,0.28355378062654374,-0.8370797749219672
34.950000000000003,0.1007690570087287,-0.5700006408880085
35.0,0.410593246253938,-0.8990280639634046
35.050000000000004,0.023060816144564324,-0.8082737884902261
35.100000000000001,0.03792124652201298,-0.7816957057709321
35.149999999999999,0.1844703577886435,-0.5102697441937485
35.200000000000003,-0.008084427031560704,-0.7757294112095543
35.25,0.3243484677960221,-0.8266761810479705
35.300000000000004,0.24635334486355537,-0.8977568781413003
35.350000000000001,0.13871808620278306,-0.6316770756771279
35.399999999999999,0.17274760736786932,-0.8720670242224193
35.450000000000003,-0.02923969181999947,-0.7033734695114255
35.5,-0.27501806105618504,-0.8526038510222167
35.550000000000004,-0.27345576222623263,-0.9210969591781124
35.600000000000001,-0.2242708127385566,-0.5112589372950194
35.649999999999999,0.09065468293315687,-0.5197333850722232
35.700000000000003,-0.28761569346100396,-0.873178988180289
35.75,-0.07631563590634849,-0.49889069445817513
35.800000000000004,-0.04337938699658339,-0.8044869413139197
35.850000000000001,-0.16825651172445427,-0.4876802055776602
35.899999999999999,-0.13599463338392448,-0.7078938098840424
35.950000000000003,-0.0766273839698986,-0.47091177275491797
36.0,-0.5153541076914421,-0.6608523297956758
36.050000000000004,-0.2751525887792151,-0.46391739117792696
36.100000000000001,-0.1791338156425622,-0.5898618985218015
36.149999999999999,-0.5421978190424614,-0.47368242923220283
36.200000000000003,-0.6544982529864203,-0.41149526322901087
36.25,-0.6649838351034714,-0.47248125670895535
36.300000000000004,-0.6743712609797546,-0.27376654654807797
36.350000000000001,-0.4473000654810751,-0.23355246664280416
36.399999999999999,-0.5810972205968908,-0.23081824554980845
36.450000000000003,-0.3420215531577371,-0.4727158728842394
36.5,-0.7106959589128201,-0.30509042421015076
36.550000000000004,-0.81883175400669,-0.3146781542807762
36.600000000000001,-0.41567391314240404,-0.47377561433151416
36.649999999999999,-0.6686717312076389,-0.09995332869468937
36.700000000000003,-0.47867928773658447,-0.47611746193037113
36.75,-0.538366016962893,-0.18223244990882942
36.800000000000004,-0.5708794528912459,-0.13672019608366054
36.850000000000001,-0.4449031343927145,-0.3393762606254943
36.899999999999999,-0.5060746248131126,-0.3662574545715428
36.950000000000003,-0.8913722553028385,-0.18923437401254262
37.0,-0.943673622656122,0.13475842098609214
37.050000000000004,-0.8211477483559136,-0.22167170254498358
37.100000000000001,-0.8818604996162267,-0.14573443452976031
37.149999999999999,-0.883913903110737,-0.1982057626461189
37.200000000000003,-0.5740525275443406,0.17932281184449048
37.25,-0.9292867531976112,0.041574595205429776
37.300000000000004,-0.7336046053963583,-0.028229939516752983
37.350000000000001,-0.5508700120352497,0.19235045809607582
37.399999999999999,-0.9250833236008879,0.2591556412285543
37.450000000000003,-0.6972912641431215,0.10787249587096473
37.5,-0.9857442951566578,0.41289986474582585
37.550000000000004,-0.6747559765319107,0.12668432538953484
37.600000000000001,-0.6648898494272575,0.5123805064153141
37.649999999999999,-0.8983747682938832,0.5665658190552553
37.700000000000003,-0.6040272940030309,0.1381119439683403
37.75,-0.5237666677528139,0.5395795317071229
37.800000000000004,-0.5275796066015812,0.26498411560648183
37.850000000000001,-0.4999880551499064,0.6065266191043441
37.899999999999999,-0.8986056965371573,0.3775636275423895
37.950000000000003,-0.6399095127912009,0.47105480112597026
38.0,-0.8607074275295741,0.6898913028483415
38.050000000000004,-0.5829148693005792,0.5623789189726521
38.100000000000001,-0.5361335252162991,0.5138479006004967
38.149999999999999,-0.7513883223864823,0.8631466784788323
38.200000000000003,-0.817868234393472,0.5417441869631213
38.25,-0.8029396356767602,0.8847210577822754
38.300000000000004,-0.701948772708576,0.7327935751693448
38.350000000000001,-0.5818407976947977,0.5142463617601569
38.400000000000006,-0.48055536556090567,0.8292552321152775
38.450000000000003,-0.46041403944157516,1.013480351188466
38.5,-0.7288378023102924,0.6062267098853729
38.550000000000004,-0.566448768268299,0.8706516536752327
38.600000000000001,-0.49563209089351706,0.8199228882253997
38.650000000000006,-0.4162938622827297,0.6997381633396473
38.700000000000003,-0.6851685114368312,1.1080132039794
38.75,-0.5968061853351498,0.99390720718323
38.800000000000004,-0.5666869956735333,1.138969869547016
38.850000000000001,-0.4534804277744225,1.1855138241014616
38.900000000000006,-0.6120907015469491,0.806998768496824
38.950000000000003,-0.5074636687077745,1.269192084902471
39.0,-0.12591415982477455,1.0131252416311607
39.050000000000004,-0.20070449310810395,0.9039046770172205
39.100000000000001,-0.5039780226969837,1.1983794996474295
39.150000000000006,-0.12545720159041474,1.2116299773568477
39.200000000000003,-0.4403031766173536,1.1242541030778674
39.25,0.037280464944189295,1.2960102511118705
39.300000000000004,-0.06496798281008648,1.1267227790251793
39.350000000000001,-0.2449296941027948,0.9617954010883814
39.400000000000006,0.07725234709210421,1.2564329833748085
39.450000000000003,-0.3022845774881911,1.028910088116888
39.5,-0.15690658071521552,1.433285865232676
39.550000000000004,-0.10598501883340833,1.0498291659635175
39.600000000000001,-0.059898123298924744,1.3610734116346437
39.650000000000006,0.12930637725360666,1.1776842075249934
39.700000000000003,-0.13726015660427382,1.3821589596126242
39.75,0.19381230612962388,0.9934143356027452
39.800000000000004,-0.0459288865286282,1.1837567470402182
39.850000000000001,0.12391107240073668,1.2926146169314086
39.900000000000006,0.13365387426836514,1.2077477780000625
39.950000000000003,0.3371480541947919,1.459057683677187
40.0,0.24133894260328356,1.393591510093432
40.050000000000004,0.09284675428827205,1.1299175576780438
40.100000000000001,0.468268300228215,1.3309712089140908
40.150000000000006,0.424978558969238,1.3209285810921494
40.200000000000003,0.5832525353889051,1.3438331707682105
40.25,0.5354757032619715,1.0598287033050617
40.300000000000004,0.6869222923730599,1.2467149696095206
40.350000000000001,0.44932771130044746,1.1940803427698632
40.400000000000006,0.7347848071097581,1.3564486139663037
40.450000000000003,0.5022412718391185,1.1550621178360911
40.5,0.3659733306979497,1.0542876206448308
40.550000000000004,0.813591135629864,1.2650534988892783
40.600000000000001,0.46839151488557423,1.368751085137971
40.650000000000006,0.6302296343816528,1.1233911018147804
40.700000000000003,0.5437115547278935,0.9508224524089013
40.75,0.6357934025564302,1.3419382987668604
40.800000000000004,0.6152664210818801,1.338103704225469
40.850000000000001,0.9638145646048657,1.139839117002302
40.900000000000006,0.7231976674428671,1.0526962371042923
40.950000000000003,1.012080662002388,0.8431746535710045
41.0,0.6384452632953441,1.1338852912143795
41.050000000000004,1.0415770063867194,1.2767880857551643
41.100000000000001,1.0334970859064982,0.8375386698845719
41.150000000000006,0.889421984953531,1.1287215075618915
41.200000000000003,0.9887843225787252,0.7742093194977366
41.25,1.021604164000375,0.7835088847793414
41.300000000000004,1.0494167041186337,1.0259850811110534
41.350000000000001,0.9608797724897928,0.7428491221476425
41.400000000000006,1.2248938752765106,0.9783934626617967
41.450000000000003,1.1907525711084568,0.7951546689368656
41.5,1.2397335138577337,0.7565849857982254
41.550000000000004,0.9871277734437067,0.8509561120903482
41.600000000000001,1.3066603366012322,0.6561570320193415
41.650000000000006,1.0265634760133056,0.9880942332079001
41.700000000000003,0.9888506068161582,0.7527257899996043
41.75,0.9416261994730877,0.564416415420034
41.800000000000004,1.2445061247576321,0.4302891931363156
41.850000000000001,1.259314940688646,0.5954037579128846
41.900000000000006,1.1947877473950035,0.563791099072397
41.950000000000003,1.092239203143506,0.7271682385652557
42.0,1.3794763779886496,0.6945185001164864
42.050000000000004,1.0298926622009166,0.5161999128337336
42.100000000000001,1.431057400756641,0.48198802228693444
42.150000000000006,1.4345075037217132,0.23393773443113333
42.200000000000003,1.0999755651319791,0.5727836584903011
42.25,1.1054581215665378,0.5987957016446288
42.300000000000004,1.4201436039519006,0.3798068656507364
42.350000000000001,1.0379371856028146,0.4717297799490181
42.400000000000006,1.0714281711654032,0.5298535172197764
42.450000000000003,1.245974031013331,0.07393348033093214
42.5,1.1432195891388846,0.034059336171335206
42.550000000000004,1.4854752741886734,0.21285958534780275
42.600000000000001,1.3595494580934826,0.2079040113124555
42.650000000000006,1.4204835135954834,0.19407123648927327
42.700000000000003,1.175494449017782,-0.00048783735637741854
42.75,1.2757223331419862,-0.04012815588204735
42.800000000000004,1.206613118759308,0.03213444671216445
42.850000000000001,1.035374174232715,0.24330252333374905
42.900000000000006,1.2405546091565067,0.22565167626270202
42.950000000000003,1.3842723341637009,-0.07879493596556014
43.0,1.2599434212509,0.14683848006863365
43.050000000000004,1.0384005883070833,-0.23979166334094915
43.100000000000001,1.1744228259816705,-0.3530520495636764
43.150000000000006,1.1179091611015846,-0.11077869374295946
43.200000000000003,0.9828467470351461,0.04440485241690573
43.25,1.1327119188236985,0.021761358070009174
43.300000000000004,1.0397444721350204,-0.09946021826163431
43.350000000000001,0.9690858004629775,-0.2574153548661588
43.400000000000006,1.1088089737266056,-0.24972253723440402
43.450000000000003,1.2451805915718337,-0.10488720707520588
43.5,1.296880116589981,-0.11811773888626448
43.550000000000004,0.8667829853701302,-0.29068858188769114
43.600000000000001,1.1630566493122076,-0.39463279953095076
43.650000000000006,0.9402229717279963,-0.17845006924438278
43.700000000000003,1.0157520107834463,-0.5768766995773011
43.75,1.0230878141702433,-0.22108976951930187
43.800000000000004,1.127921677066095,-0.44921027806784564
43.850000000000001,0.9907665509395717,-0.2547076951530667
43.900000000000006,1.1026311777537043,-0.7008057779799479
43.950000000000003,0.6474172673457106,-0.429144545030761
44.0,0.7535376076699035,-0.592692660584976
44.050000000000004,0.887857921374283,-0.5302246156429593
44.100000000000001,0.8579965685224353,-0.7090243125210662
44.150000000000006,0.9735788547460247,-0.43335607291820827
44.200000000000003,0.6445944742906833,-0.721385382841922
44.25,0.6095145974280306,-0.8407176508815333
44.300000000000004,0.9165010880652438,-0.5016207580065657
44.350000000000001,0.7515766905518521,-0.6271990636483737
44.400000000000006,0.7636199234654102,-0.8496724441913663
44.450000000000003,0.39266846321329724,-0.46318475209120763
44.5,0.5662507287516136,-0.8964307271881624
44.550000000000004,0.3491140668139491,-0.8251797647477064
44.600000000000001,0.4931838653697893,-0.9626091598949336
44.650000000000006,0.29284572213623594,-0.8309054763113406
44.700000000000003,0.6026318434959947,-0.7247255411735213
44.75,0.6238920265174187,-0.7836246163150494
44.800000000000004,0.37660609108386545,-0.7756835043394508
44.850000000000001,0.39712583887134123,-0.7552292915199417
44.900000000000006,0.2959466360843237,-0.7338247573681282
44.950000000000003,0.3192871486391304,-0.916919652457433
45.0,0.4163517443479336,-0.5898464952911453
45.050000000000004,0.09228605088388586,-0.6776611325900064
45.100000000000001,0.023705438110409538,-0.6625703140857897
45.150000000000006,0.020467568034122252,-0.5118922467127947
45.200000000000003,0.35325848959827166,-0.5290943173446341
45.25,0.016775678646819364,-0.9510565782040383
45.300000000000004,-0.11041684766430226,-0.9495797516967647
45.350000000000001,0.04369610811861152,-0.8048639528375099
45.400000000000006,0.12209861159184518,-0.7101167287503795
45.450000000000003,0.15465629941978487,-0.8234181886432956
45.5,0.04027230823512262,-0.9121458951823929
45.550000000000004,-0.1659627361944495,-0.531578070173653
45.600000000000001,0.041177929991744355,-0.4972597754406842
45.650000000000006,-0.12906293383138456,-0.8530376962363491
45.700000000000003,-0.29951793490407497,-0.6367108027846988
45.75,-0.38228835307141396,-0.643391276672429
45.800000000000004,-0.16218743571799976,-0.5196040262438941
45.850000000000001,-0.15230172867545966,-0.8041424449564809
45.900000000000006,-0.154466515052804,-0.3952058828459533
45.950000000000003,-0.5527066617537458,-0.8044023338719088
46.0,-0.3787531773360406,-0.35373964509399014
46.050000000000004,-0.5487520048986962,-0.7559388578865789
46.100000000000001,-0.5366289119349263,-0.7301319484699396
46.150000000000006,-0.5733685706784628,-0.5433835195021762
46.200000000000003,-0.596813346671963,-0.5418601139891841
46.25,-0.2579788386634545,-0.23280797924361124
46.300000000000004,-0.5345473974761819,-0.6129144252748598
46.350000000000001,-0.38415044400797155,-0.606202678355025
46.400000000000006,-0.7339207167383783,-0.46460542005064187
46.450000000000003,-0.666067693312136,-0.25956797427604494
46.5,-0.5767669584196456,-0.2998240119845071
46.550000000000004,-0.34322793243241867,-0.39925354324458306
46.600000000000001,-0.43822013269914173,-0.14332012989796966
46.650000000000006,-0.5518959378844461,-0.17693781004445852
46.700000000000003,-0.41597611644171245,-0.3851759869883827
46.75,-0.5650573011989682,-0.015399338256255057
46.800000000000004,-0.8380422129476438,0.01891816912695632
46.850000000000001,-0.9086406602425356,-0.009473891437989324
46.900000000000006,-0.6660225735112207,-0.15173122612958706
46.950000000000003,-0.5301266488369506,-0.08009448868088326
47.0,-0.5327515122314264,0.020328854180342026
47.050000000000004,-0.6055363891644829,-0.2695183321786669
47.100000000000001,-0.4698027310594765,0.012773607276232113
47.150000000000006,-0.6848867774963039,0.26955692716707774
47.200000000000003,-0.7411092401612316,-0.006302324665238029
47.25,-0.5332402334506057,-0.020220610116876925
47.300000000000004,-0.8087949925668789,-0.05406123443728139
47.350000000000001,-0.6938161774828417,0.22762403022760763
47.400000000000006,-0.8880202849361891,0.1446788087015231
47.450000000000003,-0.5497075262448633,0.32989237607414984
47.5,-0.7640595424450218,0.3419359091087842
47.550000000000004,-0.6119423572732725,0.39110834818793916
47.600000000000001,-0.8227358525599315,0.38618152707400205
47.650000000000006,-0.7417587442337609,0.13295842361179883
47.700000000000003,-0.8086153028549148,0.14543973943911034
47.75,-0.5712016733781665,0.23784438973906863
47.800000000000004,-0.5254677245529746,0.59226346042123
47.850000000000001,-0.5088716942268465,0.47770436882179684
47.900000000000006,-0.85879747901447,0.2530107011458812
47.950000000000003,-0.7484109476187741,0.7459753315116509
48.0,-0.46773966843351644,0.43790903436894835
48.050000000000004,-0.8544042827185081,0.6481209109033168
48.100000000000001,-0.4695299162039514,0.6614497995418577
48.150000000000006,-0.8232532947017517,0.6280084093559513
48.200000000000003,-0.6332619450408271,0.7870412976058035
48.25,-0.7014715067852477,0.6835237376360764
48.300000000000004,-0.7648606962477883,0.6230707734806631
48.350000000000001,-0.39438612247840626,0.5421888090685509
48.400000000000006,-0.47913104284458113,0.634349769704792
48.450000000000003,-0.4183603916702034,0.8097140765536303
48.5,-0.6933411610166157,0.8111819807271288
48.550000000000004,-0.6041984078073477,0.7802326362804719
48.600000000000001,-0.6171887962140514,0.8378704244556429
48.650000000000006,-0.6040521242170407,0.8267118561392615
48.700000000000003,-0.37914042624014693,0.7043880962392635
48.75,-0.6900866410161518,1.1301549890354499
48.800000000000004,-0.44974038555164686,0.9729004464828672
48.850000000000001,-0.2068502232869312,0.9663891256854995
48.900000000000006,-0.3962980591789656,1.1465925559994448
48.950000000000003,-0.5989701947820827,1.054590836657529
49.0,-0.4697134727785317,1.1183012550131672
49.050000000000004,-0.42414432966252397,1.141154892505329
49.100000000000001,-0.35132516304254036,0.9187775647556131
49.150000000000006,-0.40879136955781714,1.112583106565517
49.200000000000003,-0.1675097819624189,0.8851205853848767
49.25,-0.033966883755963184,1.0017729206288926
49.300000000000004,-0.29324395470909653,1.1928155886596106
49.350000000000001,-0.1250535086921118,0.9504258524642526
49.400000000000006,-0.07585016123911992,1.166397177743578
49.450000000000003,0.1472491849960159,0.9479342037934779
49.5,0.043410664005292865,1.1849116651302232
49.550000000000004,0.09608607257471974,1.0273214768888312
49.600000000000001,-0.22862189877538516,1.022428498930724
49.650000000000006,0.04778615573014364,1.4180993834525784
49.700000000000003,0.03560181694504003,1.3299275622616178
49.75,0.14212574924649307,1.0333556142995581
49.800000000000004,0.3724431615631825,1.164720525457676
49.850000000000001,0.3994460052310618,1.4411434494364106
49.900000000000006,0.046933857688491065,1.2671555561205772
49.950000000000003,0.33115485963676544,1.0369616541199163
50.0,0.3665578915788123,1.2626358522955674
50.050000000000004,0.4766656364692099,1.3430183784349115
50.100000000000001,0.16291819834146726,1.3159929011853078
50.150000000000006,0.44022950069491373,1.0379615325824787
50.200000000000003,0.539927989302765,1.174639786956944
50.25,0.29409465256309575,1.2862871027529883
50.300000000000004,0.21537151490748727,1.0920459382019714
50.350000000000001,0.3129712004032318,1.3735165534360525
50.400000000000006,0.6548714466217935,1.0439788709552333
50.450000000000003,0.6100168480073351,1.039980721321776
50.5,0.7718083071682744,1.3114381756147795
50.550000000000004,0.8345010814403782,1.4022597446602034
50.600000000000001,0.4376766314291121,1.2739479000835436
50.650000000000006,0.6367015982518949,0.9255911960689504
50.700000000000003,0.5734442262387537,1.372774374316633
50.75,0.5792628383794346,1.3717032498212993
50.800000000000004,0.8399931382199449,0.9148188344204302
50.850000000000001,0.9595385665689582,1.1443298266962125
50.900000000000006,0.9929857304261203,0.9235060522947167
50.950000000000003,1.038079278387982,1.0690506626046743
51.0,0.7569452055627861,0.893394247589797
51.050000000000004,0.8878242421056202,1.216084392484122
51.100000000000001,0.7333924907113063,1.1029673827250122
51.150000000000006,1.0785560531779679,0.8575392706600008
51.200000000000003,0.9278109133911225,1.0590296341134706
51.25,0.809986784953018,0.9612880210272519
51.300000000000004,0.9904047923017595,0.743262255935081
51.350000000000001,1.2151230603872127,0.9671876135154205
51.400000000000006,0.9286582917743506,0.8509252465255601
51.450000000000003,1.0122388295704614,0.9165593848512503
51.5,0.8461274331099045,0.9952049811320298
51.550000000000004,0.8921690271736274,0.663812241498805
51.600000000000001,1.1982478739373295,0.6615777125664948
51.650000000000006,0.9085345186819436,0.8640863261371126
51.700000000000003,1.3309780450171051,0.7270519915693668
51.75,1.2550790460550671,0.5480181127207786
51.800000000000004,1.2564227477091077,0.7362421947427721
51.850000000000001,1.09413319229571,0.7024232304489733
51.900000000000006,1.160762272814082,0.43524668051224513
51.950000000000003,0.9463214573255354,0.4649056250087592
52.0,0.9550450916378902,0.7152143611675945
52.050000000000004,1.2816647595932051,0.40211730809267415
52.100000000000001,1.4104084472996958,0.6065101802562234
52.150000000000006,1.0922611790845869,0.23349551066646795
52.200000000000003,1.2041843689879124,0.3394101555161754
52.25,1.1836825707298515,0.5694464288667566
52.300000000000004,1.228112119896036,0.4459032488187734
52.350000000000001,1.0270813667539573,0.12456963586199368
52.400000000000006,1.0852942184615362,0.15245712638217446
52.450000000000003,1.2258376307016847,0.4826190484821413
52.5,1.13406286635489,0.20052977337041866
52.550000000000004,1.2204615341779592,0.4053262309192164
52.600000000000001,1.303014210119353,-0.06039948907072028
52.650000000000006,1.440493923519883,-0.0651650812270949
52.700000000000003,1.3778253654940267,0.25324158120114526
52.75,0.9902941772844505,-0.033551961684281595
52.800000000000004,1.3689608794555332,-0.04777377246557313
52.850000000000001,1.4259844667142794,0.16626595162129848
52.900000000000006,1.2664525051201976,-0.12115405062232351
52.950000000000003,1.1015694498425797,-0.27528850521452447
53.0,0.9608363364878458,-0.05924611197487961
53.050000000000004,1.4021404150140113,0.12235348929413065
53.100000000000001,1.2090380840589128,-0.23625220054529938
53.150000000000006,1.09281045774403,-0.24333406697579363
53.200000000000003,1.398838321217299,-0.3630869801168302
53.25,1.2963085516194135,-0.3039454585788847
53.300000000000004,1.1927249844422196,-0.28367382865643725
53.350000000000001,1.1066142072337384,-0.23100039924787075
53.400000000000006,0.9983872962051927,-0.0803174508939411
53.450000000000003,1.3230999135251789,-0.4099174726452866
53.5,1.2072307081162257,-0.3697165878068268
53.550000000000004,1.1149848677995733,-0.44375479012882596
53.600000000000001,0.8903241369770041,-0.2331506018415252
53.650000000000006,1.068270184111736,-0.47207811998095817
53.700000000000003,0.9211213899480639,-0.1910302884176704
53.75,0.725463214237182,-0.6781357289516616
53.800000000000004,0.8038503210346264,-0.5275701960522584
53.850000000000001,0.7119460197009864,-0.6941710760586752
53.900000000000006,1.118372942551463,-0.3627045279552952
53.950000000000003,0.6720713604362907,-0.5464118567271599
54.0,0.7571571894318988,-0.34858708432434776
54.050000000000004,0.9618349773796229,-0.468135858919233
54.100000000000001,0.622095406172692,-0.44430573290265296
54.150000000000006,0.7314673733020256,-0.8116557991785709
54.200000000000003,0.888410791905279,-0.8746697723088743
54.25,0.6779713082927994,-0.49415089572135656
54.300000000000004,0.5507937797117972,-0.8247403397657168
54.350000000000001,0.8013984517676866,-0.9062333127567603
54.400000000000006,0.7891713689901203,-0.7307925345688102
54.450000000000003,0.5306877515318997,-0.5308646026637076
54.5,0.806000154214902,-0.45658960452255976
54.550000000000004,0.4683795701881519,-0.8420946831352987
54.600000000000001,0.2673950490681605,-0.7606340085704755
54.650000000000006,0.5138221532499239,-0.9389323477194617
54.700000000000003,0.5497363964260156,-0.9268104071008045
54.75,0.2614844593949607,-0.7827176781534042
54.800000000000004,0.17290081952748368,-0.9831402500230421
54.850000000000001,0.2071632002809155,-0.5710341431632167
54.900000000000006,0.48461141827783866,-0.8213339650896314
54.950000000000003,0.4735460876246438,-0.7208712270500948
55.0,0.33889469618795715,-0.622862433642283
55.050000000000004,0.18136450944982938,-0.7169263154779681
55.100000000000001,-0.003917094298752075,-0.8189127121248625
55.150000000000006,0.15036895771289097,-0.70745603797459
55.200000000000003,0.1663357715275913,-0.7166902064901768
55.25,0.2958390961817555,-0.589694513299543
55.300000000000004,0.17228863546902065,-0.8185440234767356
55.350000000000001,-0.10473603746525847,-0.4986148517755928
55.400000000000006,0.2386669438117107,-0.5263258303961086
55.450000000000003,0.11548427693190233,-0.5958300984997105
55.5,-0.3029583511616357,-0.7029070830242536
55.550000000000004,-0.14135131168816123,-0.47014943631558387
55.600000000000001,0.07819485452811148,-0.8267690434700834
55.650000000000006,-0.2013381699767618,-0.8245220439936816
55.700000000000003,0.02196142404312945,-0.839627256691128
55.75,-0.020369713278729384,-0.5712724632189565
55.800000000000004,-0.4367443866804272,-0.8220809955617365
55.850000000000001,-0.06335920833795139,-0.8525828389089516
55.900000000000006,-0.5307321281303041,-0.40918900167309863
55.950000000000003,-0.16424018800669327,-0.4657399465866917
56.0,-0.23076273471504888,-0.30936404561150194
56.050000000000004,-0.4201818067449216,-0.44343253616843276
56.100000000000001,-0.46777335089364147,-0.2993699919841391
56.150000000000006,-0.379781904985155,-0.7205520325420882
56.200000000000003,-0.5819875472061447,-0.711961780634706
56.25,-0.7046944000554302,-0.5363226043135052
56.300000000000004,-0.5619121389403539,-0.6542625673942328
56.350000000000001,-0.531443861302384,-0.3072390603596478
56.400000000000006,-0.46559939698603214,-0.3526023436911776
56.450000000000003,-0.3251793448522548,-0.2851538394002548
56.5,-0.778050600609331,-0.2979386665777344
56.550000000000004,-0.552683918051954,-0.29496870076483883
56.600000000000001,-0.82957882202107,-0.23941067032370522
56.650000000000006,-0.6328428357108493,-0.14136581414277166
56.700000000000003,-0.39479111531311256,-0.022000005578393267
56.75,-0.8267047097337119,-0.31609079782502336
56.800000000000004,-0.8706233301279818,-0.1456387281710525
56.850000000000001,-0.5750599309511168,-0.019355328240290126
56.900000000000006,-0.49568582475437595,-0.08435420323511889
56.950000000000003,-0.6469381990431587,-0.17072830373935627
57.0,-0.7824088918721682,-0.278152960812766
57.050000000000004,-0.643279178114325,-0.11258065609689027
57.100000000000001,-0.7879428968659201,0.11348940413236294
57.150000000000006,-0.5979674647827877,-0.08197943525262255
57.200000000000003,-0.7206346767133417,0.18993661775491522
57.25,-0.9450444805324828,0.011865795343670105
57.300000000000004,-0.5369917189003008,0.17898618583534653
57.350000000000001,-0.9205605511380711,0.0005511799128551098
57.400000000000006,-0.9366462834857776,0.4027716800165033
57.450000000000003,-0.9012284409729432,0.15247244004871402
57.5,-0.5587911162581238,0.15908870646149012
57.550000000000004,-0.5755270879308152,0.3776944006146761
57.600000000000001,-0.9342414563429562,0.3665725237645395
57.650000000000006,-0.9419762950882175,0.2251713876845095
57.700000000000003,-0.95375320794658,0.45167383403255684
57.75,-0.5381578464932046,0.5503805446718993
57.800000000000004,-0.712147411978022,0.3569888020569
57.850000000000001,-0.814231692890225,0.30473244752035245
57.900000000000006,-0.6593601512792981,0.7164718728159625
57.950000000000003,-0.4701997036217309,0.5271829696101444
58.0,-0.6707161264321788,0.45040027274781436
58.050000000000004,-0.7247138356438616,0.4744966278611935
58.100000000000001,-0.796452439439663,0.5449692903298737
58.150000000000006,-0.5832096582787657,0.7681874620399018
58.200000000000003,-0.7143498016182305,0.6090222197699509
58.25,-0.4238578692761566,0.7514972674448746
58.300000000000004,-0.6463546726315457,0.5581355306083096
58.350000000000001,-0.8149868987939604,0.8109065949685291
58.400000000000006,-0.6032008797280306,0.7087747727176754
58.450000000000003,-0.3777080687107643,0.5770119635430624
58.5,-0.5737951334705769,1.0704874452571205
58.550000000000004,-0.4795100145207904,0.876120856988645
58.600000000000001,-0.336399115894385,1.0711868125772415
58.650000000000006,-0.6056827231127879,0.7341534833811878
58.700000000000003,-0.6154651177888373,1.0699626355265672
58.75,-0.6449188467316451,0.8377654069289571
58.800000000000004,-0.6224881847552461,1.131843977668497
58.850000000000001,-0.40939697178510204,1.0943272663045287
58.900000000000006,-0.4067316697231257,1.2149847133323666
58.950000000000003,-0.555575422565886,0.8585657529249691
59.0,-0.43242745129719257,1.2900073083053427
59.050000000000004,-0.48383982114149277,0.9410437725297145
59.100000000000001,-0.16606175133193984,0.8897090990527612
59.150000000000006,-0.07858841127367033,1.2098035536328395
59.200000000000003,-0.08902806188154644,1.313054912155422
59.25,-0.09390530748030523,1.2764474918244215
59.300000000000004,0.06866067329920539,1.2965106825128185
59.350000000000001,-0.22092464238341014,0.9284577719079639
59.400000000000006,-0.3072924478761561,1.4133464009667243
59.450000000000003,-0.25960314859596956,1.2913499194794242
59.5,0.06756375297004524,1.0974565973216184
59.550000000000004,0.19900786919172664,1.0049343189999118
59.600000000000001,0.10715265016395029,1.2288653445482047
59.650000000000006,-0.18669805180873053,1.2814934838348302
59.700000000000003,-0.1770415547182144,1.2416669046213629
59.75,0.2304955516342981,1.3236801017672957
59.800000000000004,0.3719809667016332,1.2512698049224993
59.850000000000001,0.11080900843269977,1.103290133082707
59.900000000000006,0.33186710835314015,1.170920777596143
59.950000000000003,-0.03093997653131294,1.0420363795618377
